{"stats":{"minecraft:picked_up":{"minecraft:crafting_table":4,"minecraft:allium":5,"minecraft:chainmail_boots":1,"minecraft:rabbit_stew":2,"minecraft:leather_leggings":4,"minecraft:brown_mushroom":3,"minecraft:potion":2,"minecraft:string":3,"minecraft:raw_copper":18,"minecraft:beetroot_soup":2,"minecraft:armor_stand":2,"minecraft:cobbled_deepslate":140,"minecraft:calcite":5,"minecraft:iron_pickaxe":1,"alexsmobs:cooked_lobster_tail":1,"minecraft:furnace":2,"minecraft:egg":2,"minecraft:raw_iron":25,"minecraft:copper_ingot":1,"minecraft:bowl":4,"minecraft:torch":58,"alexsmobs:lobster_bucket":1,"minecraft:cookie":2,"minecraft:diorite":3,"minecraft:carrot":1,"minecraft:dark_oak_planks":4,"minecraft:arrow":6,"minecraft:honey_bottle":2,"minecraft:rotten_flesh":43,"minecraft:cooked_cod":1,"minecraft:deepslate_bricks":1,"farmersdelight:cooked_chicken_cuts":2,"minecraft:pumpkin_pie":1,"farmersdelight:onion":3,"minecraft:cracked_deepslate_bricks":1,"minecraft:mutton":7,"minecraft:cod":1,"minecraft:white_wool":3,"minecraft:cobblestone":91,"minecraft:birch_log":14,"minecraft:leather_chestplate":2,"minecraft:feather":1,"minecraft:leather":6,"minecraft:mushroom_stew":2,"alexsmobs:cachalot_whale_tooth":2,"minecraft:flint":1,"minecraft:oak_log":10,"minecraft:chainmail_chestplate":1,"minecraft:gunpowder":1,"minecraft:lapis_lazuli":5,"farmersdelight:flint_knife":1,"minecraft:dirt":2,"minecraft:cooked_mutton":1,"minecraft:bone":11,"minecraft:apple":3,"minecraft:wheat_seeds":5,"minecraft:raw_gold":6,"farmersdelight:pumpkin_slice":2,"minecraft:iron_ingot":1,"minecraft:cooked_chicken":2,"minecraft:diamond_helmet":1,"minecraft:cooked_porkchop":1,"minecraft:pumpkin":7,"minecraft:sweet_berries":44,"minecraft:stone_brick_slab":2,"minecraft:gravel":10,"minecraft:sand":37,"minecraft:blast_furnace":3,"minecraft:ink_sac":7,"farmersdelight:cooked_mutton_chops":2,"alexsmobs:animal_dictionary":1,"mowziesmobs:naga_fang":3,"travelersbackpack:standard":1,"minecraft:stone_axe":1,"minecraft:granite":7,"minecraft:gray_wool":3,"minecraft:golden_apple":2,"alexsmobs:maggot":3,"minecraft:coal":122,"iceandfire:raw_silver":18},"minecraft:custom":{"minecraft:interact_with_anvil":1,"minecraft:mob_kills":48,"minecraft:interact_with_crafting_table":27,"minecraft:open_barrel":17,"minecraft:eat_cake_slice":6,"minecraft:leave_game":1,"minecraft:time_since_death":6563,"minecraft:climb_one_cm":4414,"minecraft:sprint_one_cm":312547,"minecraft:walk_one_cm":412709,"minecraft:damage_blocked_by_shield":957,"minecraft:drop":124,"minecraft:play_time":177442,"minecraft:sneak_time":11011,"minecraft:deaths":14,"minecraft:walk_under_water_one_cm":47858,"minecraft:interact_with_lectern":3,"minecraft:boat_one_cm":67995,"minecraft:jump":2897,"minecraft:interact_with_blast_furnace":43,"minecraft:walk_on_water_one_cm":62300,"minecraft:total_world_time":177442,"minecraft:interact_with_furnace":44,"minecraft:tune_noteblock":4,"minecraft:sleep_in_bed":1,"minecraft:time_since_rest":6593,"minecraft:damage_taken":6841,"minecraft:damage_absorbed":40,"minecraft:damage_dealt":14653,"minecraft:player_kills":5,"minecraft:fly_one_cm":505172,"minecraft:swim_one_cm":87936,"minecraft:open_chest":17,"minecraft:crouch_one_cm":38441,"minecraft:fall_one_cm":111455},"minecraft:dropped":{"minecraft:iron_ingot":1,"minecraft:bread":13,"minecraft:brown_mushroom":3,"minecraft:wheat_seeds":4,"minecraft:cooked_porkchop":3,"minecraft:cookie":1,"minecraft:apple":3,"minecraft:diorite":1,"iceandfire:silver_sword":1,"minecraft:mutton":1,"minecraft:potion":2,"minecraft:chain":4,"minecraft:pumpkin_pie":7,"minecraft:pumpkin":7,"minecraft:iron_pickaxe":1,"minecraft:string":2,"minecraft:armor_stand":2,"minecraft:stone_axe":2,"minecraft:sweet_berries":1,"minecraft:cobbled_deepslate":9,"minecraft:bowl":4,"minecraft:stone_shovel":1,"minecraft:rotten_flesh":2,"minecraft:oak_planks":1,"minecraft:honey_bottle":2,"alexsmobs:cachalot_whale_tooth":1,"minecraft:carrot":12,"minecraft:deepslate_bricks":1,"minecraft:leather_chestplate":2,"alexsmobs:lobster_bucket":1,"minecraft:turtle_helmet":1,"farmersdelight:flint_knife":2,"minecraft:allium":14,"minecraft:leather_leggings":4,"minecraft:rabbit_stew":1,"minecraft:wooden_pickaxe":1,"iceandfire:armor_copper_metal_leggings":1,"minecraft:calcite":5},"minecraft:crafted":{"minecraft:oak_planks":40,"mowziesmobs:naga_fang_dagger":1,"minecraft:iron_nugget":9,"minecraft:chain":4,"iceandfire:armor_copper_metal_leggings":1,"minecraft:glass":12,"travelersbackpack:white_sleeping_bag":1,"minecraft:stone_pickaxe":1,"minecraft:chest":3,"iceandfire:silver_axe":1,"iceandfire:silver_ingot":6,"minecraft:cooked_porkchop":7,"minecraft:crafting_table":1,"travelersbackpack:standard":1,"travelersbackpack:backpack_tank":2,"farmersdelight:flint_knife":1,"minecraft:copper_ingot":16,"minecraft:birch_planks":56,"minecraft:bucket":2,"minecraft:air":0,"minecraft:oak_boat":2,"minecraft:shield":1,"minecraft:stick":24,"minecraft:iron_pickaxe":1,"minecraft:iron_ingot":23,"minecraft:iron_leggings":1,"minecraft:torch":40,"iceandfire:silver_sword":1},"minecraft:used":{"iceandfire:armor_copper_metal_leggings":1,"minecraft:stone_shovel":11,"minecraft:chest":2,"minecraft:shield":29,"minecraft:cooked_chicken":2,"minecraft:torch":95,"farmersdelight:flint_knife":12,"minecraft:allium":5,"minecraft:granite":7,"alexsmobs:maggot":1,"mowziesmobs:naga_fang_dagger":31,"alexsmobs:cooked_lobster_tail":1,"minecraft:rabbit_stew":1,"minecraft:oak_sapling":1,"minecraft:sweet_berries":17,"alexsmobs:lobster_bucket":7,"minecraft:furnace":3,"minecraft:cooked_cod":1,"farmersdelight:cooked_mutton_chops":2,"minecraft:egg":2,"minecraft:cobbled_deepslate":8,"minecraft:iron_leggings":1,"minecraft:beetroot_soup":2,"minecraft:cooked_mutton":1,"minecraft:water_bucket":50,"minecraft:diorite":1,"minecraft:stone_pickaxe":260,"farmersdelight:pumpkin_slice":3,"minecraft:golden_apple":2,"farmersdelight:onion":5,"minecraft:crafting_table":5,"minecraft:mushroom_stew":2,"minecraft:blast_furnace":3,"iceandfire:silver_axe":228,"minecraft:bread":18,"minecraft:iron_pickaxe":131,"farmersdelight:cooked_chicken_cuts":2,"minecraft:gravel":10,"minecraft:stone_axe":28,"travelersbackpack:standard":2,"minecraft:cooked_porkchop":4,"minecraft:bucket":58,"minecraft:pumpkin_pie":1,"alexsmobs:animal_dictionary":16,"minecraft:oak_boat":2},"minecraft:broken":{"minecraft:stone_pickaxe":2},"minecraft:mined":{"minecraft:dark_oak_planks":4,"minecraft:spruce_planks":2,"iceandfire:silver_ore":15,"minecraft:sculk_vein":1,"minecraft:glow_lichen":1,"minecraft:granite":8,"minecraft:grass_block":1,"iceandfire:deepslate_silver_ore":3,"minecraft:deepslate_bricks":1,"minecraft:spruce_leaves":5,"minecraft:spawner":5,"minecraft:large_fern":1,"farmersdelight:wild_onions":3,"minecraft:furnace":2,"minecraft:iron_ore":19,"minecraft:cobbled_deepslate":3,"minecraft:pumpkin":7,"minecraft:deepslate_iron_ore":7,"minecraft:stone":90,"minecraft:brown_mushroom":3,"minecraft:stone_brick_slab":2,"travelersbackpack:standard":1,"minecraft:torch":2,"minecraft:crafting_table":4,"minecraft:blast_furnace":3,"minecraft:calcite":4,"minecraft:sculk_sensor":3,"minecraft:tall_grass":10,"minecraft:copper_ore":5,"minecraft:cracked_deepslate_bricks":1,"minecraft:lapis_ore":1,"minecraft:deepslate_gold_ore":6,"minecraft:sculk":3,"minecraft:diorite":3,"minecraft:wall_torch":5,"minecraft:gray_wool":2,"minecraft:birch_log":14,"minecraft:sweet_berry_bush":20,"minecraft:grass":9,"minecraft:coal_ore":58,"minecraft:oak_log":10,"minecraft:sand":6,"minecraft:gravel":11,"minecraft:dirt":1,"minecraft:oak_leaves":4,"minecraft:deepslate":141,"minecraft:fern":2},"minecraft:killed":{"minecraft:spider":2,"minecraft:skeleton":8,"minecraft:chicken":1,"minecraft:drowned":1,"minecraft:husk":16,"minecraft:creeper":1,"minecraft:sheep":4,"alexsmobs:cockroach":1,"minecraft:zombie":8,"alexsmobs:fly":1,"mowziesmobs:naga":1},"minecraft:killed_by":{"mowziesmobs:naga":1,"minecraft:player":2,"minecraft:enderman":1,"alexsmobs:cachalot_whale":1,"minecraft:warden":2,"minecraft:skeleton":2,"minecraft:zombie":1}},"DataVersion":3465}