{"stats":{"minecraft:custom":{"minecraft:time_since_rest":2703,"minecraft:crouch_one_cm":2967,"minecraft:play_time":30462,"minecraft:sprint_one_cm":213412,"minecraft:walk_one_cm":187343,"minecraft:damage_taken":2381,"minecraft:deaths":10,"minecraft:sneak_time":444,"minecraft:trigger_trapped_chest":1,"minecraft:walk_under_water_one_cm":1567,"minecraft:mob_kills":3,"minecraft:drop":1,"minecraft:jump":664,"minecraft:damage_dealt":2014,"minecraft:time_since_death":2650,"minecraft:walk_on_water_one_cm":5465,"minecraft:climb_one_cm":44,"minecraft:total_world_time":30462,"minecraft:damage_dealt_absorbed":14,"minecraft:swim_one_cm":5413,"minecraft:fall_one_cm":17373,"minecraft:fly_one_cm":273911,"minecraft:player_kills":3},"minecraft:picked_up":{"minecraft:arrow":1,"minecraft:stick":4,"iceandfire:dragonbone":13,"minecraft:bone":4,"minecraft:rotten_flesh":2,"alexsmobs:roadrunner_feather":1,"iceandfire:dragon_skull_fire":1,"minecraft:stone_pickaxe":1,"farmersdelight:tomato_seeds":2,"minecraft:oak_log":2},"minecraft:killed_by":{"minecraft:husk":1,"minecraft:skeleton":1,"apollyon:the_damned":1,"iceandfire:ghost":4,"minecraft:player":3},"minecraft:killed":{"minecraft:skeleton":1,"minecraft:husk":1},"minecraft:mined":{"minecraft:oak_log":3,"minecraft:dead_bush":2,"minecraft:mossy_cobblestone":1,"farmersdelight:wild_tomatoes":2},"minecraft:dropped":{"iceandfire:dragonbone":1},"minecraft:used":{"minecraft:stone_pickaxe":8,"alexsmobs:animal_dictionary":1}},"DataVersion":3465}