{"stats":{"minecraft:picked_up":{"minecraft:torch":31,"minecraft:gravel":7,"minecraft:oak_log":9,"minecraft:diorite":2,"minecraft:dirt":2,"minecraft:cobbled_deepslate":40,"minecraft:granite":14,"minecraft:stone_pickaxe":1,"minecraft:oak_sapling":1,"iceandfire:raw_silver":1,"minecraft:cobblestone":54},"minecraft:custom":{"minecraft:time_since_rest":5369,"minecraft:sprint_one_cm":65484,"minecraft:damage_taken":2280,"minecraft:walk_one_cm":8464,"minecraft:damage_dealt":51,"minecraft:swim_one_cm":26123,"minecraft:fly_one_cm":110569,"minecraft:player_kills":1,"minecraft:open_chest":3,"minecraft:crouch_one_cm":18888,"minecraft:play_time":19298,"minecraft:deaths":4,"minecraft:sneak_time":6686,"minecraft:walk_under_water_one_cm":3598,"minecraft:jump":540,"minecraft:time_since_death":5314,"minecraft:walk_on_water_one_cm":979,"minecraft:total_world_time":19298,"minecraft:fall_one_cm":29180},"minecraft:used":{"minecraft:diorite":2,"minecraft:stone_pickaxe":44,"minecraft:sculk":7,"minecraft:gravel":7,"minecraft:torch":3,"minecraft:dirt":1,"minecraft:cobblestone":54,"minecraft:cobbled_deepslate":40,"minecraft:granite":14,"minecraft:sculk_catalyst":2},"minecraft:mined":{"iceandfire:silver_ore":1,"minecraft:cobbled_deepslate":2,"minecraft:torch":1,"minecraft:grass_block":1,"minecraft:oak_log":10,"minecraft:dirt":1,"minecraft:sculk":2,"minecraft:oak_leaves":5,"minecraft:deepslate":37},"minecraft:killed_by":{"minecraft:warden":2}},"DataVersion":3465}