{"stats":{"minecraft:killed":{"alexsmobs:lobster":1,"minecraft:spider":3,"alexsmobs:seagull":2,"minecraft:skeleton":2,"minecraft:chicken":1,"alexsmobs:skreecher":1,"artifacts:mimic":1,"minecraft:husk":20,"minecraft:pig":3,"minecraft:creeper":4,"minecraft:sheep":8,"minecraft:zombie":2,"apollyon:the_damned":3,"minecraft:cow":3},"minecraft:crafted":{"minecraft:brick":20,"minecraft:oak_planks":40,"minecraft:stone_shovel":1,"minecraft:cooked_chicken":1,"minecraft:furnace":2,"farmersdelight:rope":12,"minecraft:flint_and_steel":1,"minecraft:oak_trapdoor":2,"farmersdelight:safety_net":3,"minecraft:stone_pickaxe":1,"iceandfire:armor_silver_metal_boots":1,"minecraft:bricks":4,"farmersdelight:stove":1,"minecraft:oak_slab":6,"minecraft:wooden_shovel":1,"iceandfire:silver_ingot":6,"minecraft:crafting_table":1,"farmersdelight:iron_knife":1,"minecraft:wooden_pickaxe":1,"farmersdelight:egg_sandwich":1,"minecraft:bowl":4,"farmersdelight:cooking_pot":1,"minecraft:bucket":1,"iceandfire:earplugs":1,"minecraft:campfire":1,"minecraft:stone_axe":1,"farmersdelight:skillet":1,"minecraft:air":0,"minecraft:blue_dye":1,"farmersdelight:cutting_board":1,"farmersdelight:fried_egg":2,"minecraft:stick":24,"minecraft:iron_ingot":20,"minecraft:iron_pickaxe":1,"minecraft:torch":28,"iceandfire:silver_sword":1,"farmersdelight:oak_cabinet":1},"minecraft:broken":{"minecraft:stone_pickaxe":1,"minecraft:stone_axe":1},"minecraft:mined":{"iceandfire:silver_ore":6,"farmersdelight:wild_carrots":13,"minecraft:granite":1,"minecraft:allium":3,"travelersbackpack:sponge":2,"minecraft:grass_block":22,"minecraft:soul_campfire":1,"minecraft:spruce_leaves":1,"minecraft:spawner":1,"farmersdelight:wild_onions":19,"minecraft:magma_block":2,"minecraft:iron_ore":34,"minecraft:pumpkin":7,"minecraft:polished_deepslate":1,"minecraft:sculk_shrieker":1,"minecraft:stone":137,"farmersdelight:cooking_pot":1,"minecraft:kelp_plant":1,"minecraft:soul_torch":1,"minecraft:clay":5,"minecraft:crafting_table":2,"minecraft:cornflower":2,"minecraft:blast_furnace":3,"minecraft:calcite":1,"farmersdelight:safety_net":4,"minecraft:copper_ore":11,"minecraft:tall_grass":9,"minecraft:cobblestone":4,"minecraft:damaged_anvil":1,"minecraft:sculk":5,"minecraft:wall_torch":1,"farmersdelight:skillet":2,"minecraft:sweet_berry_bush":17,"minecraft:grass":66,"minecraft:coal_ore":25,"minecraft:oak_log":18,"minecraft:sand":31,"minecraft:gravel":31,"minecraft:dirt":4,"minecraft:oak_leaves":8,"minecraft:deepslate":1,"minecraft:fern":2},"minecraft:dropped":{"minecraft:iron_ingot":1,"minecraft:wheat_seeds":10,"farmersdelight:pumpkin_slice":2,"minecraft:crafting_table":1,"minecraft:feather":2,"minecraft:leather":6,"minecraft:granite":1,"minecraft:mushroom_stew":6,"minecraft:item_frame":1,"minecraft:gray_wool":1,"minecraft:blue_dye":1,"minecraft:torch":27,"alexsmobs:cooked_lobster_tail":3,"minecraft:potion":3,"farmersdelight:cooked_mutton_chops":1,"minecraft:sand":31,"minecraft:beetroot_soup":2,"minecraft:polished_deepslate":1,"minecraft:bone":3,"minecraft:gravel":9,"iceandfire:earplugs":2,"minecraft:furnace":1,"minecraft:soul_soil":1,"alexsmobs:animal_dictionary":2,"minecraft:leather_chestplate":1,"farmersdelight:cooked_chicken_cuts":2,"farmersdelight:flint_knife":1,"iceandfire:armor_silver_metal_boots":1,"minecraft:leather_leggings":1,"minecraft:rabbit_stew":2,"minecraft:wooden_pickaxe":1,"iceandfire:armor_copper_metal_leggings":1,"minecraft:brick":1,"minecraft:egg":2},"minecraft:killed_by":{"mowziesmobs:naga":3,"minecraft:husk":1,"minecraft:player":8,"alexsmobs:cachalot_whale":1,"minecraft:warden":5,"apollyon:the_damned":1,"minecraft:skeleton":3,"minecraft:zombie":1,"alexsmobs:orca":1},"minecraft:custom":{"minecraft:mob_kills":62,"minecraft:interact_with_crafting_table":32,"minecraft:open_barrel":13,"minecraft:eat_cake_slice":9,"minecraft:leave_game":4,"minecraft:time_since_death":5478,"minecraft:climb_one_cm":758,"minecraft:sprint_one_cm":447726,"minecraft:walk_one_cm":278385,"minecraft:drop":53,"minecraft:play_time":215037,"minecraft:sneak_time":17988,"minecraft:deaths":39,"minecraft:walk_under_water_one_cm":47975,"minecraft:interact_with_lectern":4,"minecraft:jump":3300,"minecraft:interact_with_blast_furnace":3,"minecraft:walk_on_water_one_cm":26866,"minecraft:total_world_time":215037,"minecraft:interact_with_furnace":33,"minecraft:tune_noteblock":4,"minecraft:time_since_rest":5534,"minecraft:damage_taken":12443,"minecraft:damage_absorbed":80,"minecraft:damage_dealt":14486,"minecraft:player_kills":4,"minecraft:swim_one_cm":126672,"minecraft:fly_one_cm":966212,"minecraft:open_chest":29,"minecraft:crouch_one_cm":56841,"minecraft:fall_one_cm":188677},"minecraft:used":{"apollyon:the_damned_spawn_egg":1,"minecraft:netherite_sword":25,"iceandfire:silver_sword":145,"minecraft:stone_shovel":89,"farmersdelight:stove":1,"minecraft:iron_sword":6,"minecraft:debug_stick":2,"minecraft:torch":21,"minecraft:dirt":40,"artifacts:mimic_spawn_egg":1,"farmersdelight:oak_cabinet":1,"minecraft:totem_of_undying":1,"minecraft:light_gray_wool":1,"farmersdelight:cutting_board":1,"minecraft:oak_sapling":4,"minecraft:furnace":1,"farmersdelight:safety_net":4,"farmersdelight:cooking_pot":2,"travelersbackpack:sponge":5,"minecraft:cobbled_deepslate":2,"farmersdelight:iron_knife":62,"minecraft:water_bucket":70,"minecraft:damaged_anvil":1,"farmersdelight:skillet":4,"minecraft:stone_pickaxe":131,"minecraft:wooden_pickaxe":5,"farmersdelight:pumpkin_slice":1,"iceandfire:armor_silver_metal_boots":1,"minecraft:crafting_table":3,"minecraft:blast_furnace":3,"minecraft:sculk_shrieker":2,"minecraft:cake":2,"minecraft:iron_pickaxe":105,"minecraft:gravel":1,"minecraft:stone_axe":86,"minecraft:cobblestone":52,"farmersdelight:egg_sandwich":1,"minecraft:turtle_helmet":1,"minecraft:bucket":73,"alexsmobs:animal_dictionary":7,"minecraft:pumpkin_pie":5},"minecraft:picked_up":{"minecraft:crafting_table":3,"minecraft:allium":44,"minecraft:chicken":2,"minecraft:clay_ball":20,"minecraft:turtle_helmet":1,"minecraft:rabbit_stew":2,"minecraft:leather_leggings":1,"minecraft:brown_mushroom":3,"iceandfire:armor_copper_metal_chestplate":1,"minecraft:cooked_rabbit":1,"minecraft:wither_rose":3,"minecraft:potion":2,"minecraft:polished_deepslate":1,"minecraft:cornflower":2,"minecraft:string":5,"minecraft:soul_soil":1,"minecraft:raw_copper":37,"minecraft:item_frame":1,"minecraft:beetroot":1,"minecraft:cobbled_deepslate":2,"minecraft:beef":8,"farmersdelight:straw":7,"minecraft:light_gray_wool":1,"alexsmobs:cooked_lobster_tail":3,"minecraft:furnace":1,"minecraft:egg":5,"minecraft:stick":2,"minecraft:raw_iron":34,"iceandfire:armor_copper_metal_leggings":2,"minecraft:torch":20,"minecraft:porkchop":6,"iceandfire:armor_copper_metal_boots":1,"minecraft:carrot":26,"travelersbackpack:sponge":3,"minecraft:arrow":3,"minecraft:stone_shovel":1,"minecraft:honey_bottle":2,"minecraft:rotten_flesh":28,"farmersdelight:cooked_chicken_cuts":2,"minecraft:pumpkin_pie":7,"farmersdelight:onion":19,"minecraft:blue_dye":1,"artifacts:cross_necklace":1,"iceandfire:earplugs":1,"minecraft:mutton":13,"alexsmobs:lobster_tail":1,"minecraft:white_wool":4,"minecraft:cobblestone":139,"minecraft:leather_chestplate":1,"minecraft:feather":2,"minecraft:leather":6,"farmersdelight:safety_net":4,"alexsmobs:skreecher_soul":1,"minecraft:mushroom_stew":1,"minecraft:flint":1,"minecraft:oak_log":19,"minecraft:gunpowder":2,"iceandfire:armor_copper_metal_helmet":1,"farmersdelight:skillet":2,"farmersdelight:flint_knife":1,"minecraft:dirt":55,"farmersdelight:mutton_chops":2,"minecraft:bone":4,"farmersdelight:cooking_pot":1,"minecraft:kelp":4,"minecraft:bow":1,"minecraft:wheat_seeds":18,"farmersdelight:pumpkin_slice":4,"minecraft:iron_ingot":1,"minecraft:cooked_porkchop":2,"minecraft:pumpkin":14,"minecraft:sweet_berries":33,"minecraft:gravel":30,"minecraft:sand":31,"minecraft:soul_torch":1,"minecraft:blast_furnace":3,"minecraft:ink_sac":11,"farmersdelight:cooked_mutton_chops":1,"alexsmobs:animal_dictionary":2,"iceandfire:silver_sword":1,"minecraft:granite":1,"minecraft:bone_meal":1,"minecraft:gray_wool":1,"minecraft:bread":13,"minecraft:oak_sapling":4,"minecraft:damaged_anvil":1,"minecraft:black_wool":2,"minecraft:coal":25,"iceandfire:raw_silver":6}},"DataVersion":3465}