{"stats":{"minecraft:custom":{"minecraft:time_since_rest":2839,"minecraft:sprint_one_cm":261051,"minecraft:damage_taken":5539,"minecraft:walk_one_cm":188630,"minecraft:trigger_trapped_chest":2,"minecraft:mob_kills":12,"minecraft:drop":7,"minecraft:damage_dealt":3284,"minecraft:swim_one_cm":72769,"minecraft:interact_with_crafting_table":4,"minecraft:fly_one_cm":716371,"minecraft:player_kills":6,"minecraft:crouch_one_cm":6812,"minecraft:play_time":36334,"minecraft:deaths":19,"minecraft:sneak_time":1359,"minecraft:walk_under_water_one_cm":5247,"minecraft:jump":1378,"minecraft:leave_game":1,"minecraft:time_since_death":2810,"minecraft:walk_on_water_one_cm":16644,"minecraft:climb_one_cm":56,"minecraft:total_world_time":36334,"minecraft:fall_one_cm":54139},"minecraft:picked_up":{"minecraft:raw_iron":9,"minecraft:stick":8,"minecraft:crafting_table":1,"minecraft:dark_oak_log":3,"minecraft:arrow":1,"minecraft:apple":1,"alexsmobs:emu_egg":2,"minecraft:dark_oak_wood":4,"minecraft:cobblestone":9},"minecraft:killed_by":{"apollyon:the_damned":1,"iceandfire:ghost":4,"minecraft:player":6,"irons_spellbooks:necromancer":1,"minecraft:skeleton":2},"minecraft:killed":{"iceandfire:ghost":6,"minecraft:silverfish":5},"minecraft:mined":{"minecraft:tall_seagrass":1,"minecraft:dark_oak_log":3,"minecraft:crafting_table":1,"minecraft:dark_oak_wood":4,"minecraft:deepslate_iron_ore":9,"minecraft:infested_cobblestone":1,"minecraft:vine":1,"minecraft:dead_bush":9,"minecraft:tall_grass":2,"minecraft:cobblestone":9,"minecraft:sugar_cane":3},"minecraft:dropped":{"alexsmobs:animal_dictionary":3,"minecraft:raw_iron":9,"minecraft:gold_nugget":33,"minecraft:stone_pickaxe":1,"minecraft:gold_ingot":1},"minecraft:used":{"minecraft:stone_pickaxe":31,"minecraft:wooden_pickaxe":3,"minecraft:iron_boots":1,"minecraft:rotten_flesh":2,"minecraft:stone_axe":22,"minecraft:crafting_table":1,"alexsmobs:animal_dictionary":2,"minecraft:cobweb":1},"minecraft:crafted":{"minecraft:sugar":2,"minecraft:crafting_table":1,"minecraft:wooden_pickaxe":1,"minecraft:stone_pickaxe":2,"minecraft:dark_oak_planks":16,"minecraft:stone_axe":1}},"DataVersion":3465}