{"stats":{"minecraft:used":{"securitycraft:block_pocket_wall":1,"securitycraft:netherrack_mine":1,"minecraft:birch_leaves":3},"minecraft:custom":{"minecraft:jump":23,"minecraft:time_since_rest":3050,"minecraft:crouch_one_cm":145,"minecraft:leave_game":2,"minecraft:play_time":3984,"minecraft:sprint_one_cm":2287,"minecraft:walk_one_cm":2041,"minecraft:time_since_death":3021,"minecraft:deaths":3,"minecraft:sneak_time":174,"minecraft:total_world_time":3984,"minecraft:fall_one_cm":418,"minecraft:fly_one_cm":32764}},"DataVersion":3465}