{"stats":{"minecraft:picked_up":{"minecraft:crafting_table":2,"minecraft:leather_leggings":2,"minecraft:potion":1,"alexsmobs:bison_fur":2,"minecraft:mushroom_stew":3,"minecraft:oak_log":13,"iceandfire:armor_copper_metal_helmet":1,"minecraft:string":4,"minecraft:raw_copper":35,"minecraft:cobbled_deepslate":2,"minecraft:stone_pickaxe":1,"minecraft:beef":6,"minecraft:chest":2,"minecraft:oak_planks":5,"minecraft:stick":2,"minecraft:raw_iron":7,"minecraft:torch":30,"minecraft:gravel":11,"minecraft:diorite":2,"minecraft:arrow":1,"minecraft:granite":14,"minecraft:gray_wool":1,"minecraft:oak_sapling":2,"minecraft:cobblestone":228,"minecraft:coal":25,"iceandfire:raw_silver":12,"alexsmobs:lobster_tail":1},"minecraft:custom":{"minecraft:interact_with_furnace":9,"minecraft:mob_kills":8,"minecraft:interact_with_crafting_table":11,"minecraft:eat_cake_slice":11,"minecraft:time_since_death":1724,"minecraft:climb_one_cm":1395,"minecraft:time_since_rest":1753,"minecraft:sprint_one_cm":227682,"minecraft:damage_taken":4698,"minecraft:walk_one_cm":149383,"minecraft:drop":25,"minecraft:damage_dealt":4298,"minecraft:fly_one_cm":222159,"minecraft:swim_one_cm":26322,"minecraft:player_kills":5,"minecraft:open_chest":41,"minecraft:crouch_one_cm":36247,"minecraft:play_time":74437,"minecraft:deaths":13,"minecraft:sneak_time":9800,"minecraft:walk_under_water_one_cm":3898,"minecraft:jump":1246,"minecraft:interact_with_blast_furnace":31,"minecraft:walk_on_water_one_cm":18820,"minecraft:total_world_time":74437,"minecraft:fall_one_cm":50560},"minecraft:dropped":{"minecraft:gravel":7,"minecraft:cobbled_deepslate":2,"minecraft:stone_sword":1,"minecraft:bowl":1,"iceandfire:armor_copper_metal_chestplate":1,"minecraft:cobblestone":54,"minecraft:oak_planks":4,"minecraft:granite":14,"iceandfire:armor_copper_metal_helmet":2,"minecraft:stick":1,"minecraft:diorite":2,"minecraft:torch":60,"iceandfire:armor_copper_metal_boots":1,"minecraft:leather_leggings":2,"minecraft:stone_pickaxe":3,"minecraft:wooden_pickaxe":1,"iceandfire:armor_copper_metal_leggings":1},"minecraft:crafted":{"minecraft:oak_planks":56,"iceandfire:silver_ingot":23,"minecraft:crafting_table":1,"minecraft:wooden_pickaxe":1,"minecraft:iron_sword":1,"iceandfire:armor_copper_metal_leggings":1,"minecraft:copper_ingot":56,"minecraft:stone_axe":1,"minecraft:air":0,"minecraft:cooked_mutton":14,"iceandfire:armor_copper_metal_boots":1,"iceandfire:armor_copper_metal_helmet":1,"iceandfire:armor_silver_metal_helmet":1,"iceandfire:armor_silver_metal_chestplate":1,"iceandfire:armor_silver_metal_leggings":1,"minecraft:stick":32,"minecraft:stone_pickaxe":3,"minecraft:iron_ingot":5,"minecraft:iron_pickaxe":1,"iceandfire:armor_copper_metal_chestplate":1,"minecraft:chest":4,"minecraft:stone_sword":1,"iceandfire:armor_silver_metal_boots":1,"minecraft:torch":64},"minecraft:used":{"minecraft:cooked_mutton":12,"minecraft:leather_leggings":1,"minecraft:stone_sword":54,"minecraft:stone_pickaxe":281,"minecraft:chest":6,"minecraft:wooden_pickaxe":14,"minecraft:iron_sword":31,"minecraft:sculk":4,"minecraft:sculk_sensor":5,"minecraft:cookie":1,"minecraft:torch":9,"minecraft:glow_berries":1,"minecraft:crafting_table":3,"minecraft:mushroom_stew":2,"minecraft:iron_pickaxe":9,"minecraft:gravel":4,"minecraft:stone_axe":17,"minecraft:cobblestone":51,"minecraft:oak_sapling":2,"minecraft:pumpkin_pie":3,"alexsmobs:animal_dictionary":3,"minecraft:candle":8,"minecraft:sculk_catalyst":2,"minecraft:gray_wool":1,"minecraft:soul_torch":14},"minecraft:broken":{"minecraft:stone_pickaxe":1},"minecraft:mined":{"iceandfire:silver_ore":12,"minecraft:sculk_vein":1,"minecraft:soul_fire":10,"minecraft:crafting_table":2,"minecraft:granite":14,"minecraft:chest":2,"minecraft:copper_ore":10,"minecraft:cobblestone":3,"minecraft:diorite":2,"minecraft:gray_wool":1,"minecraft:iron_ore":5,"minecraft:grass":4,"minecraft:coal_ore":25,"minecraft:oak_log":13,"minecraft:deepslate_iron_ore":2,"minecraft:gravel":10,"minecraft:stone":222,"minecraft:deepslate":1},"minecraft:killed":{"alexsmobs:lobster":2,"minecraft:spider":1,"minecraft:creeper":1,"minecraft:skeleton":1,"alexsmobs:bison":1,"minecraft:enderman":1,"mowziesmobs:naga":1},"minecraft:killed_by":{"minecraft:warden":4,"minecraft:player":5,"alexsmobs:bison":1}},"DataVersion":3465}