{"stats":{"minecraft:custom":{"minecraft:time_since_rest":2132,"minecraft:crouch_one_cm":13834,"minecraft:play_time":35667,"minecraft:sprint_one_cm":278142,"minecraft:walk_one_cm":190735,"minecraft:damage_taken":3033,"minecraft:deaths":10,"minecraft:sneak_time":1272,"minecraft:trigger_trapped_chest":1,"minecraft:walk_under_water_one_cm":6359,"minecraft:mob_kills":4,"minecraft:drop":2,"minecraft:jump":927,"minecraft:damage_dealt":2800,"minecraft:time_since_death":2105,"minecraft:walk_on_water_one_cm":24423,"minecraft:total_world_time":35667,"minecraft:swim_one_cm":49734,"minecraft:fall_one_cm":28024,"minecraft:fly_one_cm":431045,"minecraft:player_kills":6},"minecraft:picked_up":{"minecraft:stick":3,"minecraft:wooden_pickaxe":2,"alexsmobs:rattlesnake_rattle":2,"farmersdelight:tomato_seeds":9,"alexsmobs:emu_egg":1,"minecraft:sugar_cane":9,"farmersdelight:tomato":2,"alexsmobs:animal_dictionary":3},"minecraft:killed_by":{"iceandfire:ghost":2,"minecraft:player":6,"irons_spellbooks:necromancer":1},"minecraft:killed":{"iceandfire:ghost":3,"alexsmobs:rattlesnake":1},"minecraft:mined":{"minecraft:tall_seagrass":2,"minecraft:vine":1,"minecraft:dead_bush":6,"minecraft:tall_grass":1,"farmersdelight:wild_tomatoes":11,"minecraft:sugar_cane":6},"minecraft:dropped":{"minecraft:wooden_pickaxe":2},"minecraft:used":{"alexsmobs:emu_egg":1,"minecraft:rotten_flesh":7,"minecraft:stone_axe":3,"farmersdelight:tomato":2}},"DataVersion":3465}