{
  "minecraft:recipes/decorations/crafting_table": {
    "criteria": {
      "unlock_right_away": "2024-05-31 21:20:35 +0000"
    },
    "done": true
  },
  "minecraft:adventure/adventuring_time": {
    "criteria": {
      "minecraft:birch_forest": "2024-05-31 21:20:36 +0000",
      "minecraft:river": "2024-05-31 21:33:26 +0000",
      "minecraft:old_growth_birch_forest": "2024-05-31 21:33:27 +0000"
    },
    "done": false
  },
  "securitycraft:recipes/building_blocks/reinforced_crystal_quartz_block": {
    "criteria": {
      "has_block_pocket_wall": "2024-05-31 21:32:28 +0000"
    },
    "done": true
  },
  "DataVersion": 3465
}